assignment_1,assignment_2,assignment_3,assignment_4,assignment_5,cycle_test_1,cycle_test_2,cycle_test_3,cat_1,cat_2,cat_3,attendance,lab_marks,risk_level
51,56,62,95,7,62,10,65,13,99,56,51,72,Medium Risk
92,16,85,63,25,21,91,73,53,79,45,66,26,Medium Risk
14,85,1,97,70,10,75,44,84,15,7,81,16,High Risk
71,89,87,88,29,57,38,46,85,58,9,92,43,Medium Risk
60,43,71,9,6,56,89,62,20,80,72,57,44,Medium Risk
20,24,10,20,66,76,76,75,49,53,66,52,7,High Risk
82,16,63,45,64,3,71,76,93,78,10,61,79,Medium Risk
86,12,76,90,35,85,62,54,38,15,11,69,17,High Risk
74,83,80,26,24,6,63,74,19,14,9,65,32,High Risk
74,24,71,65,36,60,60,18,87,97,24,63,0,High Risk
87,67,20,40,0,53,53,34,86,10,48,65,75,Medium Risk
99,9,17,12,14,87,91,52,6,64,48,98,5,High Risk
23,66,93,8,36,67,93,25,8,78,88,92,40,Medium Risk
2,17,63,35,12,91,72,13,0,89,10,98,54,Medium Risk
21,99,81,85,7,78,94,44,25,67,61,100,4,Medium Risk
52,85,94,89,4,0,57,43,37,42,35,82,58,Medium Risk
1,33,37,57,59,54,84,87,37,68,38,79,79,Medium Risk
87,7,31,53,72,2,55,64,60,98,52,61,17,Medium Risk
29,39,10,11,0,77,33,50,43,12,89,64,48,High Risk
37,82,44,80,35,37,30,42,85,9,77,67,81,Medium Risk
1,41,88,77,34,0,51,85,43,74,55,77,64,Medium Risk
63,40,32,13,65,37,88,22,73,81,0,72,82,Medium Risk
59,100,40,33,62,84,75,55,61,97,55,63,53,Medium Risk
20,5,7,52,22,28,0,18,5,40,3,79,60,High Risk
32,51,10,19,8,4,54,81,16,49,29,82,7,High Risk
75,25,85,74,33,73,21,75,50,86,11,94,2,Medium Risk
57,63,50,15,45,91,39,54,37,70,34,64,24,High Risk
21,97,87,94,77,20,100,91,23,58,76,56,68,Medium Risk
88,58,40,69,3,70,0,91,50,38,51,64,54,Medium Risk
48,55,16,55,29,66,64,59,9,2,30,91,39,High Risk
90,58,75,82,94,46,62,58,71,75,86,95,82,Low Risk
58,69,45,100,74,83,53,32,20,6,67,87,81,Medium Risk
41,100,31,57,98,82,41,18,69,48,51,95,49,Medium Risk
91,32,78,3,71,34,20,27,84,25,79,93,94,Medium Risk
59,52,79,3,2,67,78,51,56,32,6,60,32,High Risk
79,21,53,19,13,68,80,48,38,100,21,78,17,Medium Risk
14,20,85,9,59,0,21,36,87,47,92,80,56,Medium Risk
61,69,91,23,76,67,37,25,32,78,74,74,15,Medium Risk
61,69,19,98,44,11,98,98,58,1,55,73,79,Medium Risk
46,3,32,25,95,59,79,97,17,70,96,68,37,Medium Risk
61,93,73,36,33,26,7,98,55,31,57,51,40,High Risk
50,74,39,84,44,55,61,39,91,3,92,71,6,Medium Risk
54,61,31,53,60,22,46,79,56,19,63,69,77,Medium Risk
63,61,96,20,82,24,16,37,95,35,11,82,52,Medium Risk
2,93,1,73,15,20,16,76,75,31,6,57,62,High Risk
100,94,96,37,65,60,89,86,47,27,54,74,88,Medium Risk
50,23,32,45,39,62,12,53,41,76,61,95,31,Medium Risk
6,54,76,3,16,51,16,21,26,0,89,58,37,High Risk
20,8,29,59,33,87,37,15,73,59,72,83,21,Medium Risk
72,2,32,56,15,24,80,27,51,55,97,72,15,High Risk
38,30,76,44,59,54,77,34,41,34,76,54,51,Medium Risk
17,39,25,19,65,45,44,59,31,29,54,74,28,High Risk
3,100,21,16,65,31,5,44,25,53,35,57,15,High Risk
88,35,65,70,89,54,34,45,24,35,88,65,75,Medium Risk
59,23,37,3,12,95,13,71,74,54,23,97,16,Medium Risk
13,94,89,92,55,4,71,54,22,88,43,94,100,Medium Risk
8,5,45,13,30,35,60,85,97,79,16,64,63,Medium Risk
89,65,14,2,33,48,14,84,56,57,1,50,90,Medium Risk
52,83,97,87,38,57,53,25,51,82,12,71,88,Medium Risk
1,91,43,100,66,38,26,84,86,64,30,52,12,High Risk
83,74,48,79,7,79,12,24,92,68,92,87,71,Medium Risk
91,3,74,57,86,96,30,64,30,50,27,63,55,Medium Risk
59,78,60,54,77,84,34,5,63,21,59,85,4,High Risk
70,5,66,3,54,60,59,22,70,87,26,67,11,High Risk
43,93,5,23,26,8,5,63,32,100,14,96,40,Medium Risk
7,50,8,33,92,5,68,86,84,52,94,90,2,Medium Risk
46,61,5,29,52,34,85,42,1,99,78,67,98,Medium Risk
34,56,72,81,38,38,57,22,17,35,32,52,32,High Risk
77,65,94,18,64,21,48,95,46,67,19,59,85,Medium Risk
80,78,31,30,16,40,22,29,32,35,41,98,49,Medium Risk
35,74,40,59,29,4,88,76,100,51,11,88,55,Medium Risk
49,7,75,59,52,41,33,17,97,52,100,96,8,Medium Risk
3,25,7,18,12,86,25,86,83,81,72,50,81,Medium Risk
1,50,71,48,20,80,46,78,34,49,22,76,49,Medium Risk
5,44,49,62,18,75,4,96,50,79,71,76,28,Medium Risk
53,43,91,82,52,86,89,20,17,40,95,60,38,Medium Risk
3,4,61,21,18,79,19,56,87,17,13,98,90,Medium Risk
53,69,83,23,56,66,5,22,71,21,90,54,99,Medium Risk
92,25,61,75,24,29,69,90,29,65,24,56,44,High Risk
62,67,6,29,85,56,58,44,43,20,76,68,16,High Risk
17,18,74,57,30,85,63,43,52,99,84,78,55,Medium Risk
89,83,83,30,80,72,17,81,9,43,30,64,97,Medium Risk
43,96,79,99,54,28,3,87,86,46,100,84,45,Medium Risk
33,19,3,63,22,36,16,46,51,38,53,96,66,Medium Risk
73,11,5,18,31,86,13,39,48,28,4,86,68,High Risk
61,46,57,47,61,12,77,50,10,53,12,61,13,High Risk
99,0,21,44,73,31,12,41,65,89,27,79,66,Medium Risk
13,89,25,99,9,45,6,6,57,84,42,69,22,High Risk
94,13,2,93,99,22,43,49,89,16,88,86,93,Medium Risk
47,63,40,54,71,44,14,47,35,79,98,52,60,Medium Risk
14,37,59,54,53,16,18,83,32,59,46,58,22,High Risk
71,36,13,96,51,84,62,90,46,30,70,90,26,Medium Risk
77,10,74,17,19,65,34,5,12,72,37,88,53,Medium Risk
86,99,81,62,31,100,80,90,39,94,95,75,9,Medium Risk
61,76,11,91,13,5,34,8,88,77,66,51,88,Medium Risk
39,2,86,46,49,17,18,56,67,48,61,72,76,Medium Risk
84,32,11,74,27,93,19,30,41,100,38,72,15,High Risk
79,5,12,56,52,21,99,20,18,1,36,70,40,High Risk
81,49,24,44,23,32,34,89,81,47,85,65,97,Medium Risk
52,9,44,32,78,29,31,39,100,13,7,58,54,High Risk
23,4,18,16,21,80,47,44,93,58,80,62,100,Medium Risk
25,22,54,69,29,31,43,76,18,96,51,77,60,Medium Risk
88,9,99,3,62,41,23,48,57,98,90,76,85,Medium Risk
59,43,44,19,3,77,60,86,22,57,32,100,80,Medium Risk
40,1,7,46,76,9,16,19,53,57,80,66,86,Medium Risk
28,12,92,90,58,35,70,100,79,50,41,87,99,Medium Risk
14,39,52,14,86,33,49,91,64,83,75,85,48,Medium Risk
44,1,54,69,7,72,64,16,11,1,26,50,72,High Risk
64,83,31,46,81,27,98,27,23,40,7,67,51,High Risk
88,64,50,77,11,10,31,40,33,82,22,100,1,High Risk
70,62,43,74,30,77,35,65,52,100,63,58,95,Medium Risk
8,100,81,8,77,38,12,24,7,81,92,62,49,Medium Risk
87,72,69,89,33,46,69,57,17,15,19,89,85,Medium Risk
0,16,17,15,81,18,57,40,56,3,15,94,42,High Risk
7,8,82,68,97,14,13,5,4,11,16,64,76,High Risk
87,74,21,60,74,27,36,74,25,28,79,92,7,High Risk
62,14,36,9,75,23,78,37,29,6,18,93,58,High Risk
10,23,95,49,48,71,67,5,53,13,7,95,64,Medium Risk
80,37,55,2,78,8,39,44,12,11,37,53,80,High Risk
7,34,58,76,56,46,58,74,82,98,37,82,11,Medium Risk
34,93,2,93,94,32,79,13,28,4,52,73,3,High Risk
34,94,27,69,92,61,91,65,2,80,92,85,76,Medium Risk
32,48,73,80,25,96,15,39,89,31,99,100,94,Low Risk
4,68,34,50,17,18,61,2,57,73,89,90,40,Medium Risk
40,61,60,18,95,66,3,98,75,42,30,59,6,High Risk
27,59,92,41,85,73,44,96,1,80,43,85,86,Medium Risk
6,49,53,34,37,39,89,23,74,68,59,69,87,Medium Risk
72,77,62,45,80,46,27,18,27,44,75,90,68,Medium Risk
71,74,78,25,86,64,95,17,81,8,16,94,68,Medium Risk
11,8,96,68,87,28,65,63,76,48,78,93,80,Medium Risk
33,33,6,92,49,49,30,87,100,32,72,60,29,Medium Risk
32,75,75,63,7,97,2,34,85,99,38,61,72,Medium Risk
47,98,48,36,40,12,7,61,75,99,41,67,5,High Risk
22,34,93,83,5,0,23,0,1,17,47,79,88,High Risk
61,0,84,48,68,33,14,99,100,8,11,93,18,High Risk
87,39,30,20,43,92,42,24,6,61,95,97,79,Medium Risk
36,63,57,73,63,47,30,44,25,56,88,86,84,Medium Risk
98,21,60,63,28,76,72,48,89,28,17,69,65,Medium Risk
43,59,23,4,27,47,44,97,87,77,78,74,9,Medium Risk
85,63,19,99,10,48,65,88,75,24,95,61,15,Medium Risk
90,92,36,69,64,63,7,15,15,14,5,70,36,High Risk
34,71,3,89,18,60,70,97,22,5,42,74,78,Medium Risk
64,10,91,3,8,28,56,92,39,41,34,60,76,Medium Risk
98,100,19,38,26,38,79,18,59,28,97,58,76,Medium Risk
100,13,59,34,33,87,98,22,72,78,53,99,31,Medium Risk
46,59,23,0,43,25,29,82,31,92,61,74,46,Medium Risk
77,29,49,23,67,16,73,24,14,3,68,84,71,Medium Risk
2,34,48,56,99,70,17,15,100,81,81,81,42,Medium Risk
0,84,50,99,81,12,68,53,12,56,15,98,81,Medium Risk
4,36,95,69,14,68,92,72,4,48,7,63,35,High Risk
89,4,35,40,50,25,38,0,74,43,88,50,25,High Risk
13,82,97,53,12,48,59,41,73,79,95,66,9,Medium Risk
26,77,99,45,82,66,97,18,51,74,89,74,30,Medium Risk
8,25,65,59,48,6,42,96,76,13,85,57,96,Medium Risk
78,61,78,59,69,57,44,33,40,2,30,54,28,High Risk
14,3,33,56,55,48,22,79,52,61,9,54,4,High Risk
89,88,35,30,75,52,68,54,49,63,55,90,76,Medium Risk
41,41,5,83,50,64,93,17,14,44,75,84,0,High Risk
76,88,38,23,36,61,5,33,6,81,91,68,86,Medium Risk
50,17,41,88,16,16,55,88,39,57,69,72,2,High Risk
62,39,57,35,57,42,3,44,27,19,19,58,66,High Risk
95,71,11,84,86,24,92,5,31,57,4,79,70,Medium Risk
51,38,2,29,89,2,22,20,98,88,22,99,99,Medium Risk
95,13,17,23,28,78,5,69,14,56,8,65,34,High Risk
3,31,39,29,32,28,31,95,99,76,57,82,14,Medium Risk
93,50,20,85,59,31,17,47,84,67,58,51,66,Medium Risk
100,37,14,91,90,25,14,38,69,77,92,63,92,Medium Risk
22,96,96,6,88,15,39,30,64,96,79,95,29,Medium Risk
14,22,98,34,54,24,95,9,3,91,53,50,81,Medium Risk
42,62,25,54,9,53,72,29,10,51,45,75,74,Medium Risk
28,14,7,91,46,27,100,17,25,36,21,74,42,High Risk
35,96,99,13,22,72,73,59,60,7,63,65,59,Medium Risk
12,24,93,9,84,55,83,87,36,43,7,64,39,High Risk
31,16,86,79,20,64,5,72,22,97,19,75,64,Medium Risk
70,96,41,15,12,92,62,94,92,4,50,96,28,Medium Risk
58,65,43,53,100,85,66,14,84,68,77,93,73,Medium Risk
85,77,13,94,32,79,10,3,90,30,38,65,91,Medium Risk
27,52,77,88,23,40,42,62,39,44,36,63,94,Medium Risk
65,50,1,76,10,50,16,39,76,8,49,78,18,High Risk
41,38,36,69,16,70,95,8,22,31,33,73,2,High Risk
44,50,68,43,67,77,3,8,15,32,74,96,35,Medium Risk
61,69,37,72,46,28,62,25,93,66,32,64,42,Medium Risk
56,5,40,44,24,82,67,3,60,29,30,68,14,High Risk
5,66,61,99,93,18,80,80,67,75,53,57,96,Medium Risk
27,6,59,55,72,65,40,15,79,28,43,83,40,Medium Risk
27,50,13,83,20,40,82,14,30,2,33,51,89,High Risk
43,71,88,81,83,44,4,98,52,89,70,76,79,Medium Risk
83,41,83,56,82,14,31,51,24,56,61,59,35,High Risk
29,63,1,20,82,2,85,68,43,29,22,84,96,Medium Risk
61,14,69,67,11,10,69,4,11,8,45,72,83,High Risk
74,28,16,49,36,52,34,19,89,25,55,98,76,Medium Risk
91,32,88,32,41,45,21,78,100,1,6,57,32,High Risk
88,93,27,90,16,29,64,17,96,61,88,77,4,Medium Risk
61,26,65,6,100,56,83,1,91,2,60,72,100,Medium Risk
96,35,34,69,47,17,21,92,8,45,2,53,77,High Risk
0,28,100,14,27,50,10,12,11,67,37,63,90,Medium Risk
26,37,4,81,40,47,76,3,68,24,83,91,86,Medium Risk
61,56,64,31,98,65,2,41,53,50,33,78,13,High Risk
76,96,39,74,46,95,8,73,53,12,43,50,67,Medium Risk
2,100,75,19,17,7,59,60,27,43,29,53,82,High Risk
69,26,55,87,77,21,75,94,55,34,16,81,46,Medium Risk
71,54,35,14,98,5,86,7,98,54,58,82,53,Medium Risk
26,32,44,47,70,75,13,66,68,86,9,98,3,Medium Risk
8,67,22,70,12,56,96,62,97,8,98,75,93,Medium Risk
61,85,46,20,81,35,17,8,97,1,83,66,82,Medium Risk
36,65,30,41,100,78,72,93,76,60,17,88,94,Medium Risk
96,9,10,25,12,91,22,10,57,40,44,72,94,Medium Risk
50,4,9,13,99,56,73,98,77,43,90,81,8,Medium Risk
43,73,66,56,30,48,82,100,74,63,58,64,52,Medium Risk
23,96,13,36,1,44,46,41,41,30,61,62,76,Medium Risk
78,37,79,57,15,81,68,12,37,46,58,51,77,Medium Risk
58,12,73,20,8,65,46,35,67,1,48,68,59,High Risk
31,30,92,81,72,76,86,12,52,95,99,73,45,Medium Risk
95,46,9,68,37,44,29,11,32,81,62,94,53,Medium Risk
87,99,75,2,74,78,24,36,70,76,86,73,73,Medium Risk
51,87,93,86,53,19,27,73,55,68,31,60,94,Medium Risk
61,51,0,89,55,63,97,72,71,57,9,71,36,Medium Risk
57,55,4,36,85,92,24,51,100,43,10,64,22,High Risk
51,14,19,87,96,92,73,70,50,73,69,59,26,Medium Risk
11,28,7,48,99,66,77,1,73,55,61,90,69,Medium Risk
38,7,42,18,86,82,57,55,42,42,46,76,89,Medium Risk
1,4,75,88,44,2,93,59,14,88,33,58,65,Medium Risk
2,28,0,84,33,53,40,22,37,33,99,77,60,Medium Risk
100,46,56,11,8,77,24,39,14,100,100,50,76,Medium Risk
55,67,63,60,87,63,77,63,4,29,16,66,50,High Risk
80,75,83,40,7,39,98,84,92,70,53,80,49,Medium Risk
58,44,27,32,6,58,47,22,82,69,75,93,18,Medium Risk
1,1,36,49,35,54,97,28,53,54,84,59,0,High Risk
1,26,46,67,17,61,9,77,50,66,39,86,39,Medium Risk
91,94,100,70,2,3,98,89,9,12,18,78,31,High Risk
53,35,75,85,27,59,74,50,11,2,66,67,21,High Risk
86,35,36,32,69,74,10,68,3,25,81,96,92,Medium Risk
100,25,48,80,43,94,84,94,94,56,52,87,65,Medium Risk
95,42,43,23,20,95,20,88,17,23,63,88,39,Medium Risk
96,26,55,60,27,90,85,30,79,52,82,98,37,Medium Risk
0,68,27,60,53,29,44,49,35,69,46,55,47,High Risk
18,19,78,97,53,1,6,19,24,42,5,89,54,High Risk
1,10,5,27,64,61,80,54,86,59,15,61,74,Medium Risk
52,73,60,57,99,48,63,80,75,57,71,63,80,Medium Risk
43,37,19,42,20,8,63,1,97,48,17,93,54,Medium Risk
89,5,77,40,98,91,1,24,35,41,51,59,50,High Risk
31,71,1,38,12,30,75,12,100,75,47,69,59,Medium Risk
69,22,72,85,56,97,41,91,66,99,42,64,7,Medium Risk
31,46,36,48,48,60,81,69,8,65,38,80,85,Medium Risk
67,89,19,16,53,78,53,66,60,10,48,56,67,Medium Risk
54,45,25,97,9,47,74,57,52,97,11,90,74,Medium Risk
74,11,28,69,52,24,15,98,17,89,9,59,71,Medium Risk
55,89,0,69,43,35,17,81,42,17,70,59,8,High Risk
16,12,34,97,46,7,98,74,34,84,54,97,89,Medium Risk
37,61,69,64,52,72,58,83,62,99,0,88,1,Medium Risk
23,81,100,73,73,57,89,63,97,51,48,77,79,Medium Risk
68,88,58,84,45,100,15,68,77,45,35,79,94,Medium Risk
97,96,68,4,12,44,5,82,3,43,20,86,69,Medium Risk
69,59,32,1,36,61,56,85,92,21,36,52,84,Medium Risk
85,42,50,21,23,38,46,58,40,52,23,99,89,Medium Risk
10,75,77,56,1,95,47,59,44,58,54,92,58,Medium Risk
15,99,11,65,85,57,41,82,49,93,24,64,18,Medium Risk
96,67,19,73,80,80,75,61,78,29,6,70,27,Medium Risk
72,4,52,97,99,98,59,15,27,7,80,86,71,Medium Risk
58,36,87,15,13,100,76,87,41,97,92,61,13,Medium Risk
69,71,42,50,9,82,3,67,79,56,93,53,23,Medium Risk
79,91,97,38,34,63,1,14,75,72,70,96,43,Medium Risk
92,30,88,85,24,43,89,88,68,19,96,58,100,Medium Risk
2,8,49,75,2,28,58,54,97,24,70,88,55,Medium Risk
19,50,28,87,16,58,26,34,0,18,23,91,89,Medium Risk
58,28,56,39,11,70,26,54,38,4,10,77,94,Medium Risk
35,77,38,37,53,91,78,13,95,74,72,72,50,Medium Risk
18,39,94,59,23,8,71,48,89,78,11,94,31,Medium Risk
89,40,55,58,28,91,6,82,16,71,34,89,49,Medium Risk
66,85,42,9,42,5,62,99,90,82,62,93,40,Medium Risk
18,10,49,98,24,28,45,6,87,86,67,71,65,Medium Risk
19,22,22,63,99,57,62,29,34,26,99,73,24,High Risk
95,0,43,62,59,16,11,82,45,39,91,100,60,Medium Risk
70,45,37,48,89,15,12,48,41,95,56,75,65,Medium Risk
51,100,83,63,64,86,42,88,38,25,12,79,41,Medium Risk
32,20,22,31,83,94,16,15,89,26,22,82,64,Medium Risk
39,89,44,6,27,2,62,50,48,61,82,65,35,Medium Risk
38,35,51,20,15,20,80,71,61,82,100,71,75,Medium Risk
81,53,79,19,46,63,35,81,37,49,38,98,8,Medium Risk
0,86,49,25,80,89,84,91,22,41,87,99,35,Medium Risk
10,56,7,67,91,35,7,79,21,28,79,92,91,Medium Risk
91,0,84,85,57,100,68,82,3,38,96,67,37,Medium Risk
56,62,0,14,75,85,89,41,48,59,11,56,32,High Risk
88,53,7,84,26,61,79,16,58,40,33,99,41,Medium Risk
49,54,28,78,52,41,35,62,72,32,70,75,60,Medium Risk
22,39,95,85,41,75,27,44,67,82,74,57,45,Medium Risk
30,14,4,91,58,41,92,76,70,100,30,55,85,Medium Risk
93,20,85,13,46,60,46,6,86,82,92,79,88,Medium Risk
41,46,46,26,93,12,75,26,1,96,61,88,60,Medium Risk
98,72,33,39,33,10,100,9,48,15,12,72,17,High Risk
6,52,64,57,36,53,29,33,87,22,30,81,69,Medium Risk
15,8,54,27,5,15,22,35,94,6,1,71,81,High Risk
89,73,89,25,6,7,15,24,30,25,14,91,79,Medium Risk
59,51,42,62,95,58,13,5,39,95,56,92,14,Medium Risk
1,56,73,65,95,56,73,23,47,11,74,94,47,Medium Risk
0,25,29,24,24,39,70,17,50,71,33,58,71,Medium Risk
47,40,81,2,32,58,51,86,42,4,67,80,12,High Risk
11,34,16,71,54,1,36,5,97,91,74,56,42,Medium Risk
68,62,25,43,57,93,28,28,54,68,28,58,59,Medium Risk
36,24,7,96,6,93,66,24,87,48,65,62,56,Medium Risk
31,89,46,41,56,75,14,54,48,25,15,52,70,High Risk
8,74,75,98,11,9,99,80,89,4,38,84,16,Medium Risk
98,37,90,5,15,43,46,45,79,21,76,82,49,Medium Risk
18,1,71,38,79,10,45,23,56,78,36,70,31,High Risk
47,6,88,51,42,78,51,74,76,12,80,80,21,Medium Risk
79,81,45,22,99,79,18,25,14,27,20,83,54,High Risk
2,90,67,88,76,80,76,97,26,32,43,81,56,Medium Risk
19,33,32,49,6,89,20,27,67,22,18,84,12,High Risk
23,90,0,42,99,1,63,2,79,96,70,64,46,Medium Risk
53,16,18,18,50,49,36,74,63,17,7,81,86,Medium Risk
32,42,30,68,72,11,26,37,93,29,76,55,61,Medium Risk
23,58,79,50,31,89,54,60,29,25,100,94,53,Medium Risk
74,50,13,10,74,22,28,77,35,15,65,70,28,High Risk
71,53,52,11,7,17,19,50,66,76,40,82,21,High Risk
35,23,47,73,96,61,24,89,85,38,74,81,64,Medium Risk
37,24,68,7,86,95,69,47,85,32,87,68,28,Medium Risk
83,70,89,23,88,61,62,20,48,25,69,82,47,Medium Risk
98,51,61,91,71,37,35,53,75,47,60,77,4,Medium Risk
88,69,91,40,44,66,1,55,54,64,25,80,34,Medium Risk
98,87,65,35,85,37,21,93,84,37,70,70,73,Medium Risk
24,32,63,100,58,66,95,58,55,1,82,83,82,Medium Risk
92,48,69,84,3,93,15,71,67,5,69,64,100,Medium Risk
17,28,62,71,66,60,17,50,94,45,28,63,70,Medium Risk
81,62,72,54,28,0,68,19,43,49,65,68,45,Medium Risk
65,21,32,8,28,93,53,95,30,37,18,92,34,Medium Risk
53,25,40,46,97,44,99,85,57,87,67,64,44,Medium Risk
34,27,88,14,97,95,29,58,86,17,57,55,12,High Risk
79,84,47,47,27,27,44,70,52,26,69,58,9,High Risk
60,48,12,81,76,20,18,8,83,40,56,86,65,Medium Risk
40,70,72,41,78,12,86,0,78,71,36,69,69,Medium Risk
99,80,76,59,86,26,33,28,22,91,60,83,71,Medium Risk
32,83,30,83,43,99,12,62,27,73,91,87,99,Medium Risk
67,48,74,69,89,6,42,71,15,16,29,75,24,High Risk
32,19,67,11,3,21,61,55,36,61,70,67,43,High Risk
13,85,97,1,89,73,92,67,20,28,72,77,59,Medium Risk
20,91,3,6,8,52,99,34,78,57,24,100,46,Medium Risk
47,62,18,79,4,78,21,2,16,69,96,58,39,High Risk
19,60,69,2,55,78,51,6,36,77,64,81,6,High Risk
7,48,97,2,95,3,51,26,76,21,5,55,45,High Risk
6,70,81,26,83,95,35,0,18,5,17,63,22,High Risk
66,0,12,39,49,22,72,90,29,25,9,77,82,Medium Risk
16,95,22,32,74,69,18,79,44,38,91,73,45,Medium Risk
32,12,82,91,14,87,37,70,17,11,10,62,85,High Risk
47,93,74,0,31,83,69,43,77,98,96,92,12,Medium Risk
75,86,0,7,27,100,78,86,61,13,64,61,20,High Risk
58,50,87,100,21,83,56,40,35,21,76,100,0,Medium Risk
85,55,53,31,16,75,19,74,99,50,100,68,18,Medium Risk
21,82,70,47,58,32,8,41,83,22,83,70,59,Medium Risk
29,61,88,100,89,27,31,32,51,47,64,76,32,Medium Risk
37,31,84,3,70,7,3,49,18,70,51,68,3,High Risk
50,29,14,93,56,0,49,62,43,49,66,73,2,High Risk
53,28,64,69,25,36,81,99,6,88,81,75,90,Medium Risk
7,48,75,18,24,62,4,36,43,12,77,94,51,Medium Risk
26,44,70,31,9,21,19,58,67,84,30,77,98,Medium Risk
26,92,14,8,44,69,86,80,33,9,90,95,27,Medium Risk
97,29,20,11,82,20,74,98,65,54,16,67,69,Medium Risk
20,15,18,10,10,95,36,47,68,8,54,93,69,Medium Risk
29,39,59,45,76,34,21,4,54,78,92,85,54,Medium Risk
96,18,92,15,52,78,57,47,9,51,35,91,56,Medium Risk
27,17,88,0,71,4,67,95,95,1,100,78,86,Medium Risk
63,0,32,62,67,59,92,2,41,24,25,66,96,Medium Risk
96,77,48,20,94,45,43,46,40,12,52,53,15,High Risk
68,46,95,29,27,49,33,61,76,97,16,93,23,Medium Risk
60,65,34,12,74,47,76,98,68,50,85,94,68,Medium Risk
47,91,43,33,64,5,41,13,9,57,24,78,40,High Risk
18,93,89,3,48,88,8,62,9,33,1,53,76,High Risk
3,37,10,27,46,55,94,60,90,34,85,59,46,Medium Risk
34,50,98,94,51,58,6,30,59,2,4,74,75,Medium Risk
63,62,71,58,87,28,67,94,50,58,3,80,68,Medium Risk
48,3,77,26,53,70,18,16,20,69,35,52,100,Medium Risk
16,0,73,68,59,76,93,23,7,47,5,96,30,High Risk
43,7,65,24,56,17,30,22,64,63,20,51,91,Medium Risk
91,28,45,2,46,1,34,81,91,18,76,74,91,Medium Risk
29,54,8,96,30,7,56,49,77,66,100,98,29,Medium Risk
92,2,2,67,45,74,84,77,84,81,88,55,17,Medium Risk
45,31,84,24,25,96,60,78,29,72,25,75,43,Medium Risk
5,9,25,19,4,53,30,78,84,75,54,57,26,High Risk
98,73,71,33,83,37,82,69,48,4,38,84,98,Medium Risk
36,82,47,25,51,47,94,26,8,66,83,76,25,Medium Risk
23,33,65,4,74,26,52,14,16,10,32,74,59,High Risk
92,96,69,98,53,19,31,49,68,93,13,67,17,Medium Risk
45,86,27,60,32,11,65,35,57,67,55,50,96,Medium Risk
52,54,92,91,49,42,58,7,56,68,99,97,88,Medium Risk
94,91,25,92,37,60,9,78,61,0,80,88,55,Medium Risk
98,31,24,8,26,30,1,2,94,90,20,52,30,High Risk
59,49,11,49,97,90,65,61,51,91,45,53,100,Medium Risk
96,6,4,5,14,95,59,46,60,62,15,90,58,Medium Risk
62,92,97,82,95,60,87,76,39,28,15,86,1,High Risk
84,7,47,59,60,73,16,97,37,81,83,100,96,Low Risk
31,64,36,43,20,66,95,87,42,11,28,64,38,High Risk
86,56,78,10,45,90,15,95,62,76,91,57,60,Medium Risk
32,66,43,65,68,34,15,60,18,40,7,87,62,High Risk
66,87,99,46,5,94,45,31,99,1,87,99,95,Low Risk
17,86,14,72,37,14,38,93,49,36,2,68,17,High Risk
24,58,42,84,61,15,30,12,32,44,88,96,16,High Risk
94,71,47,87,85,12,87,0,12,79,18,75,97,Medium Risk
53,53,86,97,61,34,0,33,77,47,96,88,38,Medium Risk
57,100,69,85,81,74,10,61,96,23,65,59,70,Medium Risk
66,66,45,2,77,58,84,78,61,98,78,87,53,Medium Risk
45,50,42,75,73,20,3,77,92,21,85,63,98,Medium Risk
23,96,20,91,45,53,70,92,42,99,73,98,93,Low Risk
31,91,22,29,12,74,25,97,48,10,81,90,75,Medium Risk
46,7,79,89,94,29,49,81,35,57,21,68,34,High Risk
85,33,46,20,93,47,11,70,9,45,45,79,10,High Risk
22,34,14,27,2,34,94,92,94,28,90,54,60,Medium Risk
65,95,24,89,93,85,80,30,5,34,12,80,43,Medium Risk
26,87,35,61,5,37,96,63,56,14,32,56,67,Medium Risk
1,77,74,32,92,30,74,24,0,59,4,68,24,High Risk
89,31,50,84,7,77,91,37,70,94,89,80,47,Medium Risk
16,45,14,34,43,23,95,13,57,41,76,88,31,Medium Risk
32,15,67,51,32,48,64,7,90,42,26,73,83,Medium Risk
8,67,20,33,80,95,46,90,20,79,77,83,94,Medium Risk
42,36,12,40,74,99,91,53,91,73,23,72,3,Medium Risk
47,53,85,50,76,31,52,1,79,48,66,97,37,Medium Risk
38,84,18,46,49,54,70,80,55,63,62,94,62,Medium Risk
92,13,33,81,10,78,1,100,86,31,93,89,46,Medium Risk
41,94,77,57,94,57,23,77,19,63,98,55,0,High Risk
25,54,67,74,27,98,3,88,53,1,47,87,2,High Risk
98,47,51,56,69,2,18,55,24,23,62,90,100,Medium Risk
49,81,26,22,40,79,25,93,27,86,77,85,85,Medium Risk
24,6,28,47,15,68,74,92,4,65,11,76,61,Medium Risk
23,73,27,21,67,84,39,83,20,37,27,60,63,High Risk
12,6,34,16,98,9,49,84,17,30,43,54,16,High Risk
59,32,7,68,47,82,42,60,46,25,92,66,77,Medium Risk
6,22,15,10,55,24,74,21,69,28,42,56,61,High Risk
56,84,35,93,63,67,66,34,56,66,16,76,34,Medium Risk
35,18,29,14,58,60,11,100,92,77,39,96,12,Medium Risk
44,18,17,90,89,28,66,15,18,24,48,64,34,High Risk
19,35,1,34,61,18,26,49,96,47,84,95,42,Medium Risk
64,28,48,32,75,42,53,42,64,64,56,62,1,High Risk
7,59,76,83,10,65,65,16,2,52,86,60,55,Medium Risk
15,81,3,15,100,73,48,79,41,66,83,94,76,Medium Risk
13,1,89,33,88,60,15,57,20,89,63,75,50,Medium Risk
75,0,88,65,17,42,1,1,98,17,74,71,53,Medium Risk
86,46,93,98,18,24,59,3,39,8,56,77,15,High Risk
14,68,74,39,86,19,53,84,66,37,97,73,17,Medium Risk
91,19,6,27,54,47,29,38,24,86,73,78,6,High Risk
97,10,94,46,81,82,83,97,54,20,73,58,44,Medium Risk
65,1,73,38,25,86,37,93,83,64,69,91,35,Medium Risk
31,66,38,69,5,23,27,5,51,20,99,53,40,High Risk
86,86,12,72,3,10,24,80,43,26,87,98,93,Medium Risk
62,11,30,19,28,97,95,88,97,69,75,95,41,Medium Risk
85,19,70,0,58,54,9,68,84,43,42,67,6,High Risk
50,4,62,71,97,27,59,68,55,99,22,92,14,Medium Risk
24,36,55,86,16,68,41,19,54,27,26,65,59,High Risk
57,37,41,62,42,62,39,63,86,44,57,82,39,Medium Risk
62,93,60,66,79,58,96,15,69,16,36,78,82,Medium Risk
61,8,41,3,65,4,76,50,76,39,5,88,36,High Risk
21,97,55,57,33,50,41,36,86,2,64,59,65,Medium Risk
57,52,35,24,7,20,46,72,72,75,5,58,54,High Risk
57,43,83,46,12,11,36,68,80,75,49,80,76,Medium Risk
85,98,67,37,7,49,79,41,65,65,21,77,94,Medium Risk
48,85,6,14,93,3,21,56,18,45,87,52,79,Medium Risk
51,23,53,62,95,41,56,65,82,85,24,63,55,Medium Risk
41,80,0,20,99,83,83,8,6,86,78,74,43,Medium Risk
69,73,43,98,93,37,26,99,62,29,89,64,56,Medium Risk
14,29,44,56,64,24,40,85,41,68,71,51,5,High Risk
53,58,46,52,42,13,79,63,41,8,50,73,91,Medium Risk
59,86,12,45,38,74,33,85,58,84,87,63,31,Medium Risk
100,95,21,13,80,31,31,21,19,10,47,97,73,Medium Risk
96,80,20,99,58,10,89,33,72,68,69,56,17,Medium Risk
7,80,85,75,83,60,88,54,16,98,98,85,67,Medium Risk
52,13,91,16,87,17,65,28,26,90,64,99,72,Medium Risk
59,8,8,38,85,26,11,37,46,65,59,73,6,High Risk
4,39,25,8,92,54,39,96,1,87,45,76,7,High Risk
67,65,8,98,85,53,72,17,62,30,35,86,63,Medium Risk
5,24,14,76,43,81,75,70,61,32,57,87,6,High Risk
95,72,9,78,8,86,89,64,99,38,75,79,40,Medium Risk
93,21,87,81,36,74,72,96,18,93,37,76,39,Medium Risk
46,3,41,96,73,20,9,0,16,45,10,88,2,High Risk
98,25,71,5,35,43,95,87,68,36,11,64,16,High Risk
54,57,23,90,100,4,97,3,38,91,41,75,65,Medium Risk
39,28,79,22,91,86,47,3,81,59,38,50,78,Medium Risk
51,97,48,58,27,40,19,81,70,30,70,53,92,Medium Risk
15,86,25,90,41,58,38,26,80,10,10,78,51,High Risk
12,36,90,97,42,88,59,42,38,86,35,50,21,High Risk
29,74,36,45,84,53,65,58,35,1,51,92,3,High Risk
18,69,67,37,87,73,64,31,39,26,30,99,5,High Risk
16,17,49,13,41,21,50,32,44,98,32,95,37,Medium Risk
62,84,23,99,65,82,35,27,3,1,12,71,25,High Risk
18,41,18,71,54,64,23,54,24,100,17,60,10,High Risk
91,99,99,61,71,63,26,99,68,20,40,59,89,Medium Risk
57,40,59,34,47,70,1,59,29,57,57,66,16,High Risk
54,37,38,18,90,3,30,69,75,4,55,85,87,Medium Risk
89,33,73,29,21,64,56,61,67,51,23,96,91,Medium Risk
100,16,88,77,100,14,77,79,87,44,72,75,98,Medium Risk
89,36,17,83,26,75,65,33,28,84,30,97,30,Medium Risk
61,24,18,24,92,21,28,86,72,92,54,70,76,Medium Risk
22,75,35,39,66,85,14,87,67,19,9,62,34,High Risk
8,86,73,87,12,46,11,55,50,60,59,58,15,High Risk
11,85,96,13,44,80,100,12,23,37,1,60,78,Medium Risk
0,84,54,25,9,92,27,55,13,19,14,60,17,High Risk
57,26,68,86,99,45,83,17,68,24,2,55,100,Medium Risk
0,56,46,21,8,13,23,53,17,1,42,50,61,High Risk
33,30,48,47,53,49,20,76,41,31,30,55,26,High Risk
95,5,98,82,26,19,9,100,56,25,69,62,34,High Risk
47,90,97,50,33,49,77,42,82,69,66,71,44,Medium Risk
88,39,32,2,0,32,100,38,11,40,55,80,34,High Risk
0,97,20,41,31,58,17,60,81,66,62,71,27,Medium Risk
15,11,80,18,88,42,87,41,16,96,74,86,8,Medium Risk
60,52,21,72,92,78,13,80,29,0,14,96,75,Medium Risk
63,70,47,27,70,11,33,78,87,50,91,76,14,Medium Risk
62,9,36,83,66,39,57,17,74,4,9,99,20,High Risk
68,44,14,44,83,19,75,22,98,12,37,63,51,Medium Risk
21,16,34,70,19,93,21,53,22,18,46,96,34,High Risk
92,25,91,77,93,37,69,29,80,11,56,54,96,Medium Risk
66,84,70,62,34,2,35,97,0,47,49,85,50,Medium Risk
75,91,31,72,98,27,44,57,78,24,70,81,82,Medium Risk
25,61,10,18,90,55,35,67,31,56,14,83,54,Medium Risk
15,45,9,46,89,89,21,66,8,34,17,56,86,High Risk
50,63,72,13,77,93,77,70,14,75,81,91,76,Medium Risk
100,1,77,37,16,12,79,17,27,93,87,97,43,Medium Risk
85,53,76,52,17,76,60,6,23,4,1,59,64,High Risk
56,64,56,60,44,65,99,39,59,97,83,99,92,Low Risk
28,50,24,35,92,36,55,69,34,21,97,66,87,Medium Risk
77,52,1,39,83,48,88,85,85,76,42,79,79,Medium Risk
91,35,63,80,52,65,95,64,26,56,25,70,24,Medium Risk
68,25,34,29,90,35,32,67,82,46,70,62,86,Medium Risk
46,28,6,8,81,53,44,48,75,53,37,50,91,Medium Risk
93,20,84,63,67,25,35,51,19,2,93,50,46,High Risk
61,10,17,32,64,74,19,28,64,52,41,96,79,Medium Risk
68,39,66,51,0,71,17,20,84,83,4,82,55,Medium Risk
75,10,41,88,57,39,37,89,48,30,10,87,37,High Risk
15,35,38,13,25,42,66,77,0,68,64,74,10,High Risk
89,58,40,74,19,21,22,8,9,87,33,75,66,Medium Risk
89,38,74,52,86,19,95,46,46,32,0,62,14,High Risk
47,98,23,98,9,7,15,75,58,71,82,77,0,High Risk
84,53,59,58,58,28,58,41,95,87,1,82,6,Medium Risk
38,97,45,77,74,39,68,50,61,49,84,86,0,Medium Risk
99,54,18,93,40,89,67,55,85,83,19,90,48,Medium Risk
32,23,67,40,4,29,20,50,17,15,60,79,95,Medium Risk
93,21,89,67,64,80,77,69,45,75,86,98,72,Low Risk
100,68,41,67,16,83,94,19,31,76,20,97,28,Medium Risk
22,55,31,91,21,54,77,87,26,38,87,57,25,High Risk
9,32,38,7,97,15,69,26,91,88,67,98,86,Medium Risk
68,35,35,1,40,45,11,37,17,45,11,96,44,High Risk
99,19,100,85,92,61,15,71,38,95,21,50,92,Medium Risk
33,82,96,40,67,6,80,64,48,87,19,61,96,Medium Risk
51,98,35,54,68,79,86,53,92,46,81,54,70,Medium Risk
94,80,2,15,10,44,13,23,81,43,0,73,11,High Risk
9,61,72,92,55,58,60,46,43,8,29,55,94,Medium Risk
18,97,7,61,50,55,70,70,71,86,96,74,31,Medium Risk
57,72,96,47,20,47,45,82,53,49,23,50,19,High Risk
95,25,69,29,98,26,31,85,94,76,13,74,50,Medium Risk
0,65,40,11,75,52,14,62,33,59,35,50,80,Medium Risk
68,72,67,34,25,86,43,56,70,95,68,81,35,Medium Risk
3,72,12,10,18,87,16,54,35,14,74,91,66,Medium Risk
15,39,48,63,59,72,40,59,17,35,23,91,0,High Risk
23,16,59,49,70,34,53,98,37,62,59,52,26,High Risk
79,0,1,84,46,50,43,61,58,68,94,98,39,Medium Risk
1,88,59,20,70,83,97,29,8,85,54,68,96,Medium Risk
91,60,4,68,25,36,4,92,72,79,76,92,83,Medium Risk
31,42,43,47,39,80,26,21,71,40,79,78,13,High Risk
90,41,26,19,4,94,86,74,50,73,23,99,99,Medium Risk
83,24,31,100,20,56,77,83,34,23,76,51,68,Medium Risk
23,38,20,66,77,7,78,28,81,81,23,58,86,Medium Risk
11,34,7,43,3,78,42,40,4,48,53,66,78,Medium Risk
49,2,71,32,22,94,96,41,13,17,25,95,5,High Risk
34,100,49,72,83,93,30,97,91,6,65,85,32,Medium Risk
32,43,66,60,14,19,98,64,29,3,79,66,54,Medium Risk
32,50,43,8,92,52,16,30,3,89,37,98,18,High Risk
60,93,57,67,7,11,91,29,38,68,64,61,76,Medium Risk
50,97,2,34,40,48,82,17,83,59,74,69,28,Medium Risk
42,11,85,80,18,16,53,16,63,54,50,99,60,Medium Risk
100,18,69,97,45,63,61,37,24,15,34,52,69,High Risk
11,100,1,87,27,41,86,13,27,98,42,92,78,Medium Risk
66,43,86,95,90,93,31,86,75,89,28,99,79,Low Risk
64,58,43,64,67,28,39,88,65,81,36,53,23,Medium Risk
32,48,1,7,14,18,12,78,77,28,80,66,22,High Risk
39,60,80,44,98,10,83,55,21,22,57,99,9,High Risk
73,16,34,86,36,97,34,21,30,13,53,86,53,Medium Risk
42,73,97,46,0,49,4,66,22,78,38,95,40,Medium Risk
43,56,86,39,66,70,72,55,47,48,41,91,48,Medium Risk
28,54,29,75,23,57,28,18,19,32,27,64,16,High Risk
12,46,7,53,26,33,69,56,37,24,28,82,55,High Risk
11,11,21,75,39,19,24,43,54,20,42,65,44,High Risk
94,61,43,45,62,49,94,97,67,16,2,60,29,High Risk
45,79,57,46,60,87,21,34,78,22,9,69,43,High Risk
1,87,35,14,35,9,65,0,87,56,58,87,73,Medium Risk
34,82,68,18,97,31,44,51,88,80,13,73,54,Medium Risk
86,7,76,25,92,51,68,84,0,57,75,65,18,High Risk
80,94,92,51,23,14,90,92,6,13,46,79,28,High Risk
89,20,30,92,23,100,88,69,56,92,41,83,1,Medium Risk
7,80,46,21,3,83,71,36,94,19,93,50,35,Medium Risk
92,86,54,20,66,2,0,64,11,29,31,73,18,High Risk
25,100,79,50,33,36,83,50,4,18,31,73,6,High Risk
73,79,61,37,56,39,43,0,49,52,41,58,25,High Risk
89,69,29,19,48,71,86,90,41,55,31,71,78,Medium Risk
33,71,54,28,86,39,95,20,11,76,25,61,37,High Risk
6,24,15,50,52,55,74,52,17,81,0,66,2,High Risk
67,81,11,3,22,22,38,15,65,22,55,74,79,Medium Risk
57,88,16,54,68,10,53,60,73,61,1,77,65,Medium Risk
74,11,15,70,94,63,87,53,78,32,80,64,94,Medium Risk
28,14,11,91,52,7,74,39,93,17,29,79,91,Medium Risk
35,58,7,27,61,92,28,25,16,72,70,100,70,Medium Risk
88,25,83,3,40,93,53,79,67,32,51,76,93,Medium Risk
20,25,2,21,56,55,89,91,70,31,90,71,42,Medium Risk
35,46,15,75,59,59,15,64,61,60,8,59,61,Medium Risk
9,31,29,44,53,9,98,99,40,53,21,80,70,Medium Risk
100,9,22,66,69,38,19,73,94,16,33,76,99,Medium Risk
72,15,91,85,100,27,45,63,33,18,48,61,92,Medium Risk
23,70,4,65,56,48,66,42,69,90,0,95,23,Medium Risk
63,16,83,87,9,35,64,16,44,69,72,80,38,Medium Risk
98,22,64,33,39,12,57,58,57,98,83,81,67,Medium Risk
48,25,29,90,6,95,52,22,50,100,52,81,92,Medium Risk
98,84,20,54,37,35,0,6,33,33,82,90,43,Medium Risk
35,85,83,0,84,100,80,43,43,83,99,94,4,Medium Risk
81,6,69,71,60,25,65,52,14,24,39,84,54,Medium Risk
95,13,21,86,83,85,28,70,77,67,44,95,92,Medium Risk
23,78,81,37,2,3,83,78,69,73,67,70,29,Medium Risk
22,6,71,5,50,94,69,33,49,73,8,59,28,High Risk
61,8,31,85,85,81,7,45,100,87,21,65,25,Medium Risk
95,47,32,24,46,63,28,67,31,84,17,56,82,Medium Risk
36,71,15,81,67,37,50,77,66,10,75,53,25,High Risk
11,58,75,16,91,87,32,77,2,90,42,76,36,Medium Risk
54,86,37,60,75,86,2,15,85,15,38,74,90,Medium Risk
12,92,97,11,37,21,59,70,85,89,72,80,93,Medium Risk
22,81,13,5,35,1,34,95,73,60,5,60,52,High Risk
88,94,35,89,40,30,68,18,50,93,82,97,29,Medium Risk
98,93,96,26,68,10,90,1,66,79,47,69,2,High Risk
29,38,22,7,12,91,75,9,75,6,6,85,42,High Risk
16,98,65,82,86,45,83,49,92,15,79,66,6,Medium Risk
61,17,84,64,57,95,19,80,47,98,68,94,48,Medium Risk
83,58,1,56,49,61,72,100,16,15,15,60,72,Medium Risk
88,16,90,92,29,68,38,11,6,39,0,79,40,High Risk
85,13,72,98,61,63,3,69,12,11,36,84,76,Medium Risk
12,30,64,39,100,9,18,21,65,34,82,90,78,Medium Risk
58,23,74,13,24,39,90,31,3,20,36,87,53,High Risk
18,98,66,34,26,23,44,83,9,49,80,71,68,Medium Risk
48,59,51,47,50,98,42,0,87,42,63,92,92,Medium Risk
99,44,61,83,77,43,12,53,16,99,89,97,98,Low Risk
11,97,22,55,56,59,12,57,51,16,85,100,90,Medium Risk
60,2,25,48,46,61,59,69,5,31,61,76,26,High Risk
18,36,67,12,99,86,56,82,82,40,71,86,7,Medium Risk
75,42,81,60,38,16,85,17,68,5,60,95,31,Medium Risk
8,39,54,48,15,64,91,5,95,87,32,98,83,Medium Risk
70,89,5,45,21,94,51,44,73,26,65,84,63,Medium Risk
27,54,34,61,84,94,52,96,8,19,29,53,9,High Risk
77,86,21,7,53,56,85,22,90,24,19,65,12,High Risk
94,38,42,42,20,54,42,22,76,65,59,65,62,Medium Risk
51,14,14,19,71,52,82,25,82,8,81,70,92,Medium Risk
82,3,85,96,15,55,71,76,20,91,73,75,34,Medium Risk
15,92,59,89,58,97,71,6,23,52,23,85,60,Medium Risk
68,85,100,38,30,8,41,78,3,60,3,68,53,High Risk
98,24,11,84,41,21,89,43,23,37,36,66,7,High Risk
11,12,48,48,73,12,25,26,58,2,3,94,28,High Risk
24,81,41,63,31,88,22,25,98,83,76,75,94,Medium Risk
51,32,37,61,58,47,42,96,2,69,88,71,40,Medium Risk
84,15,81,53,33,17,76,78,67,96,76,77,29,Medium Risk
99,41,44,8,8,75,27,35,100,54,17,50,85,Medium Risk
52,65,34,87,80,39,8,54,39,0,87,93,20,High Risk
22,54,29,36,10,16,19,63,47,100,65,85,75,Medium Risk
15,98,87,48,95,14,55,90,53,69,47,92,10,Medium Risk
56,41,29,40,9,14,82,56,34,44,32,86,1,High Risk
38,33,77,16,85,78,38,68,94,97,57,51,49,Medium Risk
52,29,5,87,16,62,50,60,55,46,82,66,40,Medium Risk
41,12,66,20,67,38,11,1,88,78,72,89,65,Medium Risk
57,12,79,50,47,12,78,54,39,25,27,87,97,Medium Risk
38,17,6,58,51,80,94,96,76,13,34,70,2,High Risk
13,31,51,38,24,31,54,79,67,53,9,58,79,Medium Risk
94,95,13,54,20,8,77,86,45,70,64,62,50,Medium Risk
4,98,72,40,100,39,10,37,77,45,41,60,67,Medium Risk
34,38,14,38,64,19,25,79,12,30,84,65,86,Medium Risk
86,45,20,12,62,89,41,77,26,87,8,65,83,Medium Risk
92,28,34,63,88,90,26,28,5,58,59,51,24,High Risk
74,61,65,10,50,84,10,25,16,94,14,91,29,Medium Risk
17,92,90,18,35,81,37,34,35,28,98,93,81,Medium Risk
75,61,1,10,80,76,97,78,98,95,56,57,10,Medium Risk
8,56,34,76,87,79,42,66,80,16,68,92,92,Medium Risk
73,15,81,45,65,72,18,86,1,13,21,91,16,High Risk
57,55,77,44,14,62,63,28,76,35,63,62,25,High Risk
16,9,19,0,95,75,5,33,51,57,40,66,22,High Risk
6,29,81,39,38,43,45,96,65,23,86,88,55,Medium Risk
45,24,9,18,69,37,41,40,51,62,70,73,51,Medium Risk
12,83,24,75,0,82,91,40,91,90,55,52,47,Medium Risk
39,4,65,71,22,59,64,22,42,24,22,79,19,High Risk
41,64,24,71,38,70,98,70,89,58,24,62,1,High Risk
8,93,53,60,56,98,71,2,21,31,90,68,87,Medium Risk
49,48,32,11,80,47,58,57,54,81,5,56,30,High Risk
26,2,35,60,33,17,51,31,66,17,33,58,26,High Risk
65,44,94,32,40,15,46,30,98,36,62,68,1,High Risk
4,13,13,44,92,54,6,81,59,25,8,94,77,Medium Risk
28,29,64,89,72,38,10,42,57,8,59,89,3,High Risk
36,67,79,91,12,67,60,6,11,98,48,71,12,High Risk
37,17,53,68,69,58,67,0,87,63,96,67,99,Medium Risk
82,61,51,7,5,88,24,60,68,71,50,72,34,Medium Risk
7,36,2,24,83,95,11,13,83,19,59,51,71,Medium Risk
64,24,98,90,51,61,25,51,38,53,69,99,65,Medium Risk
85,47,40,45,2,12,11,95,12,85,36,99,5,High Risk
16,64,5,86,80,80,42,5,40,82,30,60,30,High Risk
70,52,24,29,62,100,50,9,56,29,97,80,9,Medium Risk
88,78,12,46,48,5,36,70,52,52,40,82,20,High Risk
44,72,97,86,75,82,45,89,11,91,61,63,73,Medium Risk
3,14,7,48,46,76,52,97,12,98,92,65,22,Medium Risk
35,48,20,46,54,59,87,29,73,62,57,60,2,High Risk
69,87,97,83,63,89,79,99,96,10,13,82,31,Medium Risk
30,67,67,81,64,13,12,20,56,30,35,56,19,High Risk
18,11,24,17,80,94,88,59,39,48,35,80,73,Medium Risk
60,58,78,65,66,53,53,80,79,99,78,97,28,Medium Risk
53,36,67,67,89,3,56,96,44,93,7,95,51,Medium Risk
38,60,44,93,14,38,3,73,34,86,25,96,45,Medium Risk
90,100,59,32,99,71,74,62,2,18,35,63,33,High Risk
73,42,11,35,31,24,95,41,4,11,47,77,100,Medium Risk
89,69,31,81,95,76,48,50,89,14,84,92,83,Medium Risk
18,38,95,100,67,31,6,63,10,30,27,65,60,High Risk
38,55,91,18,17,58,10,75,70,42,67,68,71,Medium Risk
66,62,12,27,82,62,91,55,55,100,61,66,70,Medium Risk
44,45,30,39,42,37,53,79,9,36,79,75,69,Medium Risk
12,87,77,83,34,91,86,40,33,78,85,55,10,Medium Risk
91,10,19,96,77,52,44,31,66,28,75,92,81,Medium Risk
57,61,17,75,57,93,22,14,71,25,79,98,92,Medium Risk
19,76,92,14,32,66,27,61,30,1,50,58,88,Medium Risk
91,97,59,40,13,27,56,26,74,83,41,99,62,Medium Risk
71,24,62,38,33,2,25,27,70,14,100,66,20,High Risk
60,70,5,1,60,97,24,80,65,3,28,80,2,High Risk
38,51,31,62,3,79,53,63,69,85,81,61,81,Medium Risk
0,3,92,28,87,21,28,58,40,49,9,72,87,Medium Risk
2,58,42,73,58,95,82,57,62,37,38,54,9,High Risk
76,71,1,65,28,37,96,1,31,22,81,92,26,Medium Risk
91,19,59,50,82,71,35,35,19,58,0,85,11,High Risk
61,92,22,74,5,71,13,70,56,89,38,85,6,Medium Risk
62,62,82,76,96,61,77,12,97,74,20,52,16,Medium Risk
24,53,30,9,48,56,34,14,49,27,64,73,64,Medium Risk
55,73,4,13,39,5,29,88,79,65,14,66,63,Medium Risk
32,97,82,81,82,77,91,86,24,7,3,88,25,High Risk
37,56,33,50,64,31,16,59,11,28,59,75,14,High Risk
5,89,9,72,68,98,66,21,70,10,60,53,32,High Risk
57,40,88,38,26,9,79,62,38,100,19,94,61,Medium Risk
43,2,1,27,79,2,29,89,16,17,9,61,100,High Risk
44,5,10,2,5,58,92,96,44,54,86,50,46,Medium Risk
31,4,49,83,12,75,44,74,10,49,33,70,94,Medium Risk
44,4,30,69,63,48,78,73,69,13,47,68,34,High Risk
60,53,55,26,61,58,88,24,22,73,32,70,64,Medium Risk
46,46,78,1,98,30,50,100,90,98,97,67,71,Medium Risk
20,86,72,92,18,92,46,47,69,8,60,92,75,Medium Risk
79,48,86,37,75,68,52,42,37,98,9,52,82,Medium Risk
84,8,82,2,79,61,63,37,1,10,53,98,24,High Risk
74,98,8,15,42,51,37,40,85,62,83,93,56,Medium Risk
100,19,98,93,73,88,63,44,83,75,64,81,31,Medium Risk
35,60,20,39,88,40,86,87,88,66,76,59,62,Medium Risk
98,34,72,1,19,30,88,39,78,52,0,89,11,High Risk
18,49,27,80,94,84,6,96,92,38,4,64,62,Medium Risk
19,81,61,40,67,83,21,16,71,77,79,54,76,Medium Risk
56,61,6,11,43,21,80,87,36,55,14,53,91,Medium Risk
17,16,79,34,22,3,81,100,48,27,27,77,0,High Risk
46,87,15,64,1,12,40,56,51,74,94,100,50,Medium Risk
48,2,96,54,21,44,73,1,32,38,22,53,69,High Risk
13,31,3,44,56,41,9,95,21,24,16,64,7,High Risk
14,98,3,78,100,48,56,61,4,20,97,66,67,Medium Risk
30,12,39,89,71,19,6,87,17,9,12,93,4,High Risk
0,88,16,100,6,76,49,8,37,42,13,52,88,Medium Risk
53,72,100,84,77,80,90,67,36,14,10,59,85,Medium Risk
2,67,51,61,55,53,51,80,93,82,27,96,91,Medium Risk
15,13,92,48,66,35,32,16,94,47,41,91,38,Medium Risk
86,100,51,94,15,96,0,49,63,85,95,72,22,Medium Risk
56,97,35,24,82,0,52,93,9,20,98,67,67,Medium Risk
74,10,37,22,50,14,59,39,78,59,60,50,51,Medium Risk
11,55,49,23,81,76,33,57,41,95,63,84,3,Medium Risk
73,66,62,37,79,16,3,74,47,49,30,80,46,Medium Risk
95,91,100,27,71,23,16,84,43,22,80,93,20,Medium Risk
15,28,62,20,96,57,3,20,81,12,72,50,100,Medium Risk
71,8,61,53,11,71,42,17,86,68,9,52,55,Medium Risk
75,66,98,17,52,90,89,54,96,3,7,52,65,Medium Risk
23,24,6,35,74,22,3,28,15,91,20,86,58,High Risk
27,97,26,98,4,45,0,23,53,77,76,68,6,High Risk
7,75,91,44,26,71,70,73,34,71,58,78,48,Medium Risk
91,41,85,72,11,7,93,16,97,8,49,74,15,High Risk
35,8,13,52,16,58,49,17,27,34,68,82,16,High Risk
89,78,70,29,5,89,72,41,1,100,69,85,83,Medium Risk
7,39,100,59,96,58,60,83,93,20,29,78,86,Medium Risk
57,24,85,97,4,12,34,100,12,57,94,75,97,Medium Risk
59,4,4,31,56,38,7,44,40,17,16,53,74,High Risk
49,10,54,66,27,100,23,81,79,96,74,98,33,Medium Risk
27,58,1,66,77,27,82,16,58,71,19,63,32,High Risk
91,97,61,27,68,88,35,72,68,80,47,99,25,Medium Risk
100,87,90,43,58,60,49,13,91,42,72,76,65,Medium Risk
40,78,20,78,32,15,42,48,52,94,1,82,62,Medium Risk
99,37,78,40,61,1,26,28,44,97,36,71,86,Medium Risk
63,71,20,62,49,81,31,94,19,5,0,97,40,High Risk
26,4,9,22,18,16,77,3,23,85,3,52,85,High Risk
62,47,86,74,85,29,17,81,60,77,99,72,57,Medium Risk
16,89,57,47,68,12,27,19,90,66,53,70,97,Medium Risk
72,17,38,31,65,95,28,46,93,11,24,90,78,Medium Risk
32,69,4,56,93,92,15,8,57,99,2,72,9,High Risk
83,36,64,99,46,93,98,76,26,11,8,53,14,High Risk
76,59,12,32,38,81,46,78,25,65,85,70,41,Medium Risk
91,47,84,23,67,12,58,26,6,1,86,86,92,Medium Risk
28,76,89,38,32,42,30,14,41,14,75,92,56,Medium Risk
12,27,84,33,12,84,3,91,46,22,73,80,86,Medium Risk
45,68,52,55,83,93,36,100,52,28,33,70,16,High Risk
34,76,81,27,53,20,16,18,58,80,42,75,59,Medium Risk
5,80,100,36,6,54,38,89,37,95,73,90,8,Medium Risk
81,39,44,6,78,80,47,51,68,6,93,84,35,Medium Risk
68,44,31,67,86,39,45,25,86,93,21,87,72,Medium Risk
46,95,35,36,13,82,89,88,91,27,69,73,79,Medium Risk
24,61,80,55,86,14,47,25,97,13,1,60,35,High Risk
65,92,98,64,18,72,38,25,52,43,93,90,47,Medium Risk
9,57,59,64,53,51,3,45,14,29,65,78,50,High Risk
55,66,10,46,92,73,29,91,95,80,31,96,96,Low Risk
29,55,62,19,19,94,29,48,25,31,15,52,94,Medium Risk
4,39,20,18,28,52,21,81,47,69,75,50,69,Medium Risk
32,97,51,28,23,86,74,95,94,87,0,68,73,Medium Risk
64,39,54,73,81,51,65,52,18,5,71,95,79,Medium Risk
17,90,25,59,62,29,11,2,8,26,47,98,67,Medium Risk
95,76,67,17,73,32,93,65,63,81,49,71,21,Medium Risk
48,32,33,91,56,56,35,96,92,87,12,63,76,Medium Risk
10,5,51,34,7,51,17,41,53,100,14,98,79,Medium Risk
84,87,81,42,89,8,89,18,50,23,52,63,92,Medium Risk
25,18,98,94,61,53,52,16,38,33,43,93,5,High Risk
62,79,92,90,28,0,70,32,3,39,7,65,25,High Risk
88,39,51,10,73,43,0,75,2,46,73,82,74,Medium Risk
85,91,28,48,16,98,57,48,63,78,45,62,87,Medium Risk
58,96,37,37,65,74,89,55,28,74,68,87,92,Medium Risk
26,58,41,63,5,97,86,62,10,85,18,98,2,High Risk
48,58,20,68,57,79,89,2,96,23,37,61,51,Medium Risk
76,47,41,7,68,8,5,48,57,64,10,100,73,Medium Risk
32,40,12,33,27,31,69,54,74,17,42,87,59,Medium Risk
97,12,63,47,61,14,43,25,26,43,19,88,62,Medium Risk
98,44,16,55,40,11,71,98,96,75,19,82,64,Medium Risk
0,88,8,75,68,96,23,71,20,56,20,82,51,Medium Risk
20,52,40,64,81,77,85,51,38,27,81,78,89,Medium Risk
54,41,0,30,89,56,18,99,94,70,56,54,75,Medium Risk
5,99,1,3,83,7,100,6,45,22,49,55,13,High Risk
91,62,59,49,40,71,17,45,65,84,73,80,88,Medium Risk
80,26,47,68,48,26,94,45,90,33,97,65,71,Medium Risk
68,37,28,29,90,61,100,99,35,10,25,80,67,Medium Risk
94,59,96,87,48,11,29,15,74,85,29,74,27,Medium Risk
4,6,9,58,75,64,41,23,81,34,72,97,70,Medium Risk
2,4,57,66,70,41,32,60,64,92,30,95,9,Medium Risk
52,44,59,74,2,61,73,53,62,41,41,82,56,Medium Risk
22,57,20,44,9,10,100,61,98,27,67,62,99,Medium Risk
100,30,27,3,97,42,11,0,34,81,60,59,65,Medium Risk
52,22,74,25,88,94,93,48,30,77,60,73,89,Medium Risk
36,41,33,26,34,16,26,24,27,81,69,59,49,High Risk
73,9,7,45,79,96,38,9,0,91,77,90,13,Medium Risk
73,31,58,63,1,31,8,79,24,23,67,80,15,High Risk
82,52,85,90,23,92,20,15,42,7,89,62,53,Medium Risk
16,29,71,50,73,84,75,57,83,52,16,52,42,Medium Risk
84,38,48,49,37,84,28,71,66,71,18,99,41,Medium Risk
77,30,78,5,21,39,32,28,62,3,50,83,80,Medium Risk
72,81,16,58,25,22,61,91,50,90,69,98,21,Medium Risk
0,99,59,14,42,55,14,5,1,99,62,77,67,Medium Risk
50,1,86,29,54,5,1,15,81,4,92,68,18,High Risk
44,77,87,41,38,85,51,19,63,96,74,72,65,Medium Risk
76,76,44,100,90,49,43,79,73,48,79,94,38,Medium Risk
3,92,82,36,28,36,53,70,68,97,29,81,72,Medium Risk
61,11,68,41,19,63,17,77,8,29,24,62,18,High Risk
64,38,31,100,90,53,2,42,1,71,74,82,15,High Risk
31,65,43,34,40,71,6,25,33,62,70,83,53,Medium Risk
33,95,64,86,53,48,42,89,59,46,25,82,24,Medium Risk
91,12,86,5,19,98,81,77,60,25,55,54,17,High Risk
94,45,100,67,18,10,37,70,30,56,21,52,22,High Risk
71,26,7,17,83,87,36,32,9,36,88,56,84,Medium Risk
38,16,76,72,98,48,57,25,75,97,18,73,10,Medium Risk
25,94,71,28,65,20,32,44,35,6,30,71,38,High Risk
33,97,86,76,29,65,58,83,84,39,25,94,67,Medium Risk
53,59,42,58,52,62,94,62,48,91,41,72,24,Medium Risk
2,63,0,46,33,82,10,66,69,38,40,79,62,Medium Risk
49,87,50,16,21,27,67,51,48,61,99,67,95,Medium Risk
11,34,23,95,66,16,81,67,2,91,22,81,29,High Risk
64,69,98,21,5,5,67,25,73,77,46,56,44,Medium Risk
53,82,23,67,78,18,97,74,4,52,12,82,89,Medium Risk
4,29,16,68,26,55,92,1,89,3,88,54,60,Medium Risk
93,70,4,36,9,27,87,13,60,81,65,98,99,Medium Risk
93,73,19,48,72,65,21,29,84,24,65,77,50,Medium Risk
56,95,20,12,96,37,65,48,89,6,15,57,97,Medium Risk
16,97,57,33,95,36,43,11,25,27,72,64,8,High Risk
46,62,30,85,47,67,5,89,71,68,27,53,75,Medium Risk
22,27,99,52,69,85,41,43,4,66,76,83,1,High Risk
78,59,10,86,58,89,24,32,14,94,34,54,4,High Risk
100,78,51,50,99,48,56,12,15,19,40,82,61,Medium Risk
84,93,14,2,58,42,84,77,0,82,76,54,68,Medium Risk
13,36,82,41,1,35,54,87,15,10,30,87,51,High Risk
65,92,6,97,28,57,15,97,36,66,84,83,85,Medium Risk
74,21,27,31,67,12,94,25,2,86,31,75,4,High Risk
50,67,50,50,64,51,13,20,51,6,53,50,58,High Risk
37,19,57,84,82,57,38,27,46,22,97,53,67,Medium Risk
63,95,4,45,25,31,27,47,94,60,71,88,8,Medium Risk
97,99,4,20,88,80,95,99,12,70,58,75,92,Medium Risk
37,67,93,43,9,99,91,39,79,33,40,82,21,Medium Risk
49,90,95,10,52,59,50,65,54,18,65,82,26,Medium Risk
97,63,7,67,78,82,48,72,20,57,95,57,9,High Risk
81,16,63,0,58,57,8,86,65,8,53,69,79,Medium Risk
29,11,9,91,21,98,57,78,53,47,39,65,60,Medium Risk
78,21,37,62,50,55,44,76,26,81,27,70,50,Medium Risk
90,16,95,23,47,27,21,22,37,40,36,94,9,High Risk
50,9,91,98,20,0,31,80,89,47,64,75,5,High Risk
62,64,80,12,21,41,68,47,57,44,73,72,61,Medium Risk
97,21,94,97,99,81,86,1,61,24,54,67,4,High Risk
51,89,7,10,97,47,68,83,45,77,3,80,69,Medium Risk
37,81,24,99,29,39,41,19,88,24,98,91,62,Medium Risk
96,49,72,50,24,96,52,58,10,18,9,61,55,High Risk
87,13,65,16,27,62,95,45,71,38,46,50,58,Medium Risk
78,63,78,98,64,75,58,2,7,78,74,91,62,Medium Risk
29,46,49,81,44,71,73,54,96,79,13,58,88,Medium Risk
50,28,66,85,67,87,38,11,70,26,37,52,58,Medium Risk
80,75,48,23,6,79,14,39,63,73,11,100,50,Medium Risk
4,35,35,18,48,3,70,65,20,62,44,75,49,High Risk
28,98,67,36,8,37,28,99,71,67,16,58,3,High Risk
3,51,77,84,35,26,2,77,62,18,79,91,47,Medium Risk
9,75,40,7,82,8,82,15,84,27,34,100,31,Medium Risk
55,6,88,27,0,15,9,82,63,84,65,65,50,Medium Risk
16,28,61,4,9,55,91,33,19,77,74,73,51,Medium Risk
73,10,9,16,35,75,28,43,7,32,40,99,98,Medium Risk
16,32,20,100,72,30,78,5,57,9,66,63,73,Medium Risk
83,5,35,35,45,87,34,76,45,82,28,52,33,High Risk
87,78,11,18,31,13,5,63,30,29,17,83,35,High Risk
68,31,90,63,31,24,11,99,92,21,19,82,69,Medium Risk
33,50,1,90,5,33,37,21,8,2,13,99,42,High Risk
5,74,12,97,47,66,76,17,14,100,33,73,15,High Risk
52,57,52,10,37,23,92,11,93,81,48,58,58,Medium Risk
65,86,31,53,16,72,18,51,25,74,53,62,52,Medium Risk
76,25,94,44,73,25,66,93,9,47,30,51,18,High Risk
42,97,15,46,26,19,7,50,28,1,57,56,97,High Risk
74,45,31,11,53,63,7,70,79,75,41,97,88,Medium Risk
22,97,31,20,49,9,83,95,35,53,57,70,94,Medium Risk
54,28,97,10,34,82,46,47,83,5,81,68,40,Medium Risk
79,3,10,91,84,66,3,18,36,39,29,74,80,Medium Risk
94,80,9,4,24,23,50,5,85,92,24,96,46,Medium Risk
74,98,14,80,27,4,84,83,70,93,62,71,93,Medium Risk
15,12,16,55,14,66,66,26,22,1,18,60,53,High Risk
7,38,39,19,3,57,44,52,40,72,71,82,54,Medium Risk
3,14,17,40,92,26,7,100,92,1,91,81,94,Medium Risk
3,28,54,45,72,79,86,47,79,92,7,70,18,Medium Risk
55,28,72,11,26,14,15,6,27,96,94,88,61,Medium Risk
24,74,24,69,25,34,76,58,47,73,2,69,98,Medium Risk
66,31,58,16,18,75,66,68,37,97,66,57,92,Medium Risk
95,1,77,18,91,52,8,10,30,54,85,91,58,Medium Risk
66,46,88,25,16,43,59,14,13,71,80,86,64,Medium Risk
26,77,21,47,42,25,77,63,96,100,99,58,67,Medium Risk
92,83,29,51,40,46,76,2,72,59,16,74,27,High Risk
31,21,83,95,41,33,70,68,90,96,13,74,17,Medium Risk
49,74,84,69,49,86,14,22,87,5,8,82,25,High Risk
60,26,43,54,83,94,70,52,76,18,61,51,18,High Risk
50,66,31,99,39,49,97,36,89,95,93,68,54,Medium Risk
18,80,50,74,38,83,40,8,28,26,20,95,56,Medium Risk
20,55,45,32,22,11,21,14,50,0,75,69,5,High Risk
4,91,20,61,95,86,23,2,48,32,36,91,0,High Risk
81,92,98,87,51,3,100,92,42,39,95,90,7,Medium Risk
91,20,31,22,46,86,43,69,91,31,10,91,96,Medium Risk
41,46,93,14,62,47,0,16,91,68,19,78,50,Medium Risk
60,79,38,26,96,54,9,25,71,16,34,55,84,Medium Risk
21,100,11,74,68,0,79,20,86,7,52,66,87,Medium Risk
20,58,46,63,42,88,71,71,92,56,46,74,24,Medium Risk
69,83,17,80,47,65,55,20,4,41,74,87,46,Medium Risk
0,5,20,50,33,29,88,10,41,97,51,53,54,High Risk
4,18,12,52,39,2,49,37,6,8,7,79,63,High Risk
11,56,20,77,74,20,11,71,41,86,3,69,82,Medium Risk
89,68,7,90,60,88,88,87,35,34,26,52,92,Medium Risk
45,2,45,81,49,83,80,34,26,70,43,72,9,High Risk
33,0,6,91,66,48,59,13,57,78,39,100,55,Medium Risk
48,57,22,50,61,85,25,13,45,52,46,67,11,High Risk
77,37,95,46,57,84,77,9,65,53,93,75,32,Medium Risk
89,14,74,3,32,61,40,11,24,83,43,85,70,Medium Risk
44,33,85,6,74,96,35,37,72,24,47,57,16,High Risk
26,60,21,34,15,37,22,33,26,66,90,66,60,Medium Risk
72,34,88,47,81,14,42,40,0,61,84,80,9,High Risk
25,63,21,72,93,51,5,9,86,54,51,86,30,Medium Risk
46,24,91,71,47,78,68,16,73,45,83,94,59,Medium Risk
85,23,28,44,9,45,42,16,41,23,67,82,69,Medium Risk
55,11,12,80,81,24,24,66,51,97,10,76,16,High Risk
93,17,81,80,37,20,17,61,24,45,76,94,49,Medium Risk
62,14,1,96,18,87,61,94,53,21,72,53,36,Medium Risk
47,79,28,95,35,4,12,0,66,10,3,71,81,High Risk
60,26,84,71,58,69,42,11,5,47,75,75,61,Medium Risk
80,71,78,18,62,46,77,3,57,7,72,81,89,Medium Risk
25,59,51,62,76,86,27,41,69,38,76,73,79,Medium Risk
35,45,26,37,45,67,17,12,52,34,47,95,71,Medium Risk
0,88,49,66,2,90,58,97,65,48,25,84,87,Medium Risk
7,16,94,58,73,17,59,84,57,45,76,86,76,Medium Risk
98,92,78,68,64,20,62,85,81,37,38,81,28,Medium Risk
51,52,22,12,90,91,56,3,86,7,91,56,31,Medium Risk
78,7,87,46,7,98,91,81,1,53,57,82,87,Medium Risk
46,78,43,60,50,85,50,68,75,36,18,80,79,Medium Risk
55,26,76,30,80,22,55,18,21,90,87,61,10,High Risk
85,45,21,79,72,63,26,1,36,91,82,60,95,Medium Risk
13,49,42,95,5,66,31,11,19,39,76,73,5,High Risk
89,70,36,21,88,39,8,80,23,33,76,57,34,High Risk
27,2,60,92,38,9,95,73,83,95,57,81,32,Medium Risk
86,92,96,85,59,88,83,97,64,78,27,87,17,Medium Risk
77,63,55,42,27,51,91,5,64,16,65,71,36,Medium Risk
87,43,2,66,96,71,96,7,80,32,9,83,12,High Risk
1,52,62,53,53,74,67,50,0,46,85,68,73,Medium Risk
25,23,18,9,36,60,45,10,93,51,76,69,100,Medium Risk
13,59,22,41,8,63,97,62,2,79,57,63,89,Medium Risk
58,2,28,63,81,4,66,56,45,92,72,82,80,Medium Risk
55,19,29,20,55,52,25,11,54,8,96,59,63,High Risk
6,45,38,79,58,54,7,72,74,32,13,65,0,High Risk
2,14,24,75,84,36,5,1,87,59,83,53,62,Medium Risk
22,24,100,65,1,55,79,7,85,92,14,76,88,Medium Risk
17,93,7,40,60,58,23,10,63,76,95,77,33,Medium Risk
37,77,57,23,57,92,47,52,44,20,32,92,9,High Risk
98,70,15,34,59,68,93,99,25,57,16,65,83,Medium Risk
14,16,71,55,39,72,44,9,76,84,23,82,6,High Risk
63,83,0,29,35,58,12,84,64,68,29,97,55,Medium Risk
88,99,4,56,36,1,68,83,23,9,61,68,79,Medium Risk
100,8,2,93,78,64,24,7,73,5,12,70,36,High Risk
27,37,64,46,91,59,19,35,34,12,61,71,28,High Risk
73,47,3,34,17,50,81,92,23,64,46,58,11,High Risk
38,59,98,18,97,29,81,75,27,19,15,58,16,High Risk
